update,theta
1,0.3009999990463257
2,0.3019998073577881
3,0.3029993176460266
4,0.3039984107017517
5,0.30499696731567383
6,0.3059948682785034
7,0.3069919943809509
8,0.3079882562160492
9,0.3089835047721863
10,0.309977650642395
11,0.31097060441970825
12,0.3119622468948364
13,0.3129524886608124
14,0.31394121050834656
15,0.3149283230304718
16,0.31591373682022095
17,0.3168973922729492
18,0.31787917017936707
19,0.3188590109348297
20,0.3198368549346924
21,0.3208126127719879
22,0.32178619503974915
23,0.3227575719356537
24,0.32372668385505676
25,0.3246934413909912
26,0.32565781474113464
27,0.3266197443008423
28,0.32757920026779175
29,0.32853612303733826
30,0.3294904828071594
31,0.33044224977493286
32,0.3313913941383362
33,0.3323378562927246
34,0.33328163623809814
35,0.3342227041721344
36,0.335161030292511
37,0.3360966145992279
38,0.33702942728996277
39,0.3379594385623932
40,0.33888664841651917
41,0.3398110568523407
42,0.3407326340675354
43,0.34165140986442566
44,0.3425673544406891
45,0.3434804379940033
46,0.3443906903266907
47,0.3452981114387512
48,0.34620270133018494
49,0.3471044600009918
50,0.3480033874511719
51,0.3488994836807251
52,0.3497927784919739
53,0.3506832420825958
54,0.35157090425491333
55,0.3524557650089264
56,0.353337824344635
57,0.3542171120643616
58,0.3550936281681061
59,0.35596737265586853
60,0.3568383753299713
61,0.35770663619041443
62,0.3585721552371979
63,0.35943496227264404
64,0.36029505729675293
65,0.36115244030952454
66,0.36200714111328125
67,0.36285918951034546
68,0.3637085556983948
69,0.364555299282074
70,0.36539939045906067
71,0.36624088883399963
72,0.3670797646045685
73,0.3679160475730896
74,0.3687497675418854
75,0.3695809245109558
76,0.3704095184803009
77,0.37123557925224304
78,0.3720591068267822
79,0.37288013100624084
80,0.3736986517906189
81,0.37451469898223877
82,0.37532827258110046
83,0.376139372587204
84,0.3769480288028717
85,0.377754271030426
86,0.37855809926986694
87,0.37935951352119446
88,0.38015854358673096
89,0.38095518946647644
90,0.3817494809627533
91,0.3825414180755615
92,0.3833310008049011
93,0.3841182589530945
94,0.384903222322464
95,0.38568589091300964
96,0.38646626472473145
97,0.3872443437576294
98,0.38802018761634827
99,0.3887937664985657
100,0.389565110206604
101,0.39033421874046326
102,0.3911011219024658
103,0.3918658196926117
104,0.39262834191322327
105,0.39338865876197815
106,0.3941468298435211
107,0.3949028253555298
108,0.39565667510032654
109,0.39640840888023376
110,0.39715802669525146
111,0.39790552854537964
112,0.3986509442329407
113,0.3993942439556122
114,0.40013548731803894
115,0.40087464451789856
116,0.4016117453575134
117,0.40234681963920593
118,0.4030798673629761
119,0.40381088852882385
120,0.40453988313674927
121,0.4052668809890747
122,0.40599188208580017
123,0.40671491622924805
124,0.40743595361709595
125,0.40815505385398865
126,0.40887218713760376
127,0.40958738327026367
128,0.4103006422519684
129,0.4110119938850403
130,0.411721408367157
131,0.41242891550064087
132,0.41313454508781433
133,0.41383829712867737
134,0.41454017162323
135,0.41524016857147217
136,0.4159383177757263
137,0.41663461923599243
138,0.4173290729522705
139,0.41802170872688293
140,0.4187125265598297
141,0.41940152645111084
142,0.4200887084007263
143,0.42077410221099854
144,0.4214577078819275
145,0.4221395254135132
146,0.422819584608078
147,0.42349788546562195
148,0.424174427986145
149,0.4248492419719696
150,0.4255222976207733
151,0.42619362473487854
152,0.42686325311660767
153,0.4275311529636383
154,0.42819735407829285
155,0.4288618564605713
156,0.429524689912796
157,0.43018582463264465
158,0.4308452904224396
159,0.4315030872821808
160,0.4321592450141907
161,0.43281373381614685
162,0.4334665834903717
163,0.43411779403686523
164,0.43476739525794983
165,0.4354153573513031
166,0.43606171011924744
167,0.4367064833641052
168,0.4373496472835541
169,0.4379912316799164
170,0.43863120675086975
171,0.4392696022987366
172,0.43990644812583923
173,0.44054171442985535
174,0.4411754310131073
175,0.4418075978755951
176,0.4424382448196411
177,0.443067342042923
178,0.44369491934776306
179,0.4443209767341614
180,0.4449455142021179
181,0.4455685317516327
182,0.4461900591850281
183,0.4468100965023041
184,0.4474286437034607
185,0.4480457007884979
186,0.44866126775741577
187,0.4492753744125366
188,0.4498880207538605
189,0.45049920678138733
190,0.4511089324951172
191,0.45171722769737244
192,0.4523240625858307
193,0.45292946696281433
194,0.45353347063064575
195,0.45413604378700256
196,0.45473718643188477
197,0.45533692836761475
198,0.4559352695941925
199,0.45653221011161804
200,0.45712774991989136
201,0.45772191882133484
202,0.4583147168159485
203,0.4589061141014099
204,0.4594961404800415
205,0.46008482575416565
206,0.46067214012145996
207,0.4612581133842468
208,0.46184274554252625
209,0.4624260365962982
210,0.46300798654556274
211,0.4635885953903198
212,0.46416789293289185
213,0.4647458493709564
214,0.46532249450683594
215,0.4658978283405304
216,0.4664718508720398
217,0.4670445919036865
218,0.4676160216331482
219,0.4681861698627472
220,0.4687550365924835
221,0.4693226218223572
222,0.46988892555236816
223,0.47045397758483887
224,0.4710177481174469
225,0.47158026695251465
226,0.4721415340900421
227,0.4727015495300293
228,0.4732603132724762
229,0.4738178551197052
230,0.4743741452693939
231,0.47492921352386475
232,0.4754830598831177
233,0.4760356843471527
234,0.47658708691596985
235,0.4771372973918915
236,0.4776862859725952
237,0.47823408246040344
238,0.47878068685531616
239,0.479326069355011
240,0.4798702895641327
241,0.4804133176803589
242,0.4809551537036896
243,0.48149582743644714
244,0.4820353090763092
245,0.48257362842559814
246,0.48311078548431396
247,0.48364678025245667
248,0.48418164253234863
249,0.4847153425216675
250,0.4852479100227356
251,0.4857793152332306
252,0.48630958795547485
253,0.4868387281894684
254,0.4873667359352112
255,0.48789364099502563
256,0.48841941356658936
257,0.48894408345222473
258,0.4894676208496094
259,0.4899900555610657
260,0.49051138758659363
261,0.49103161692619324
262,0.4915507435798645
263,0.4920687973499298
264,0.4925857484340668
265,0.4931016266345978
266,0.49361640214920044
267,0.49413010478019714
268,0.4946427345275879
269,0.4951542913913727
270,0.4956648051738739
271,0.49617424607276917
272,0.49668261408805847
273,0.4971899390220642
274,0.4976962208747864
275,0.498201459646225
276,0.49870565533638
277,0.49920880794525146
278,0.49971091747283936
279,0.5002120137214661
280,0.5007120370864868
281,0.5012110471725464
282,0.5017090439796448
283,0.502206027507782
284,0.502701997756958
285,0.5031969547271729
286,0.5036908984184265
287,0.504183828830719
288,0.5046757459640503
289,0.5051666498184204
290,0.5056565999984741
291,0.5061455368995667
292,0.5066335201263428
293,0.5071204900741577
294,0.5076065063476562
295,0.5080915093421936
296,0.5085755586624146
297,0.5090585947036743
298,0.5095406770706177
299,0.5100218057632446
300,0.5105019807815552
301,0.5109812021255493
302,0.511459469795227
303,0.5119367837905884
304,0.5124131441116333
305,0.5128885507583618
306,0.5133630037307739
307,0.5138365030288696
308,0.5143091082572937
309,0.5147807598114014
310,0.5152514576911926
311,0.5157212615013123
312,0.5161901116371155
313,0.5166580677032471
314,0.5171250700950623
315,0.5175911784172058
316,0.5180563926696777
317,0.5185206532478333
318,0.5189840197563171
319,0.5194464921951294
320,0.51990807056427
321,0.520368754863739
322,0.5208285450935364
323,0.5212874412536621
324,0.5217454433441162
325,0.5222025513648987
326,0.5226587653160095
327,0.5231140851974487
328,0.5235685110092163
329,0.524022102355957
330,0.5244747996330261
331,0.5249266028404236
332,0.5253775715827942
333,0.5258276462554932
334,0.5262768864631653
335,0.5267252326011658
336,0.5271727442741394
337,0.5276194214820862
338,0.5280652046203613
339,0.5285101532936096
340,0.528954267501831
341,0.5293975472450256
342,0.5298399329185486
343,0.5302814841270447
344,0.5307222008705139
345,0.5311620831489563
346,0.5316011309623718
347,0.5320393443107605
348,0.5324767827987671
349,0.5329133868217468
350,0.5333491563796997
351,0.5337840914726257
352,0.5342181921005249
353,0.534651517868042
354,0.5350840091705322
355,0.5355157256126404
356,0.5359466075897217
357,0.5363766551017761
358,0.5368059277534485
359,0.5372344255447388
360,0.5376620888710022
361,0.5380889773368835
362,0.5385150909423828
363,0.5389403700828552
364,0.5393648743629456
365,0.5397886037826538
366,0.54021155834198
367,0.5406337380409241
368,0.5410550832748413
369,0.5414756536483765
370,0.5418954491615295
371,0.5423144698143005
372,0.5427327156066895
373,0.5431502461433411
374,0.5435670018196106
375,0.543982982635498
376,0.5443981885910034
377,0.5448126196861267
378,0.5452263355255127
379,0.5456392765045166
380,0.5460514426231384
381,0.546462893486023
382,0.5468735694885254
383,0.5472835302352905
384,0.5476927161216736
385,0.5481011867523193
386,0.548508882522583
387,0.5489158630371094
388,0.5493220686912537
389,0.5497275590896606
390,0.5501323342323303
391,0.5505363941192627
392,0.550939679145813
393,0.551342248916626
394,0.5517441034317017
395,0.55214524269104
396,0.5525456666946411
397,0.5529453754425049
398,0.5533443689346313
399,0.5537426471710205
400,0.5541402101516724
401,0.5545370578765869
402,0.5549331903457642
403,0.5553286075592041
404,0.5557233095169067
405,0.5561172962188721
406,0.5565106272697449
407,0.5569032430648804
408,0.5572951436042786
409,0.5576863884925842
410,0.5580769181251526
411,0.5584667325019836
412,0.5588558912277222
413,0.5592443346977234
414,0.5596321225166321
415,0.5600191950798035
416,0.5604056119918823
417,0.5607913136482239
418,0.5611763596534729
419,0.5615607500076294
420,0.5619444251060486
421,0.5623274445533752
422,0.5627098083496094
423,0.5630914568901062
424,0.5634724497795105
425,0.5638527870178223
426,0.5642324686050415
427,0.5646114945411682
428,0.5649898648262024
429,0.565367579460144
430,0.5657446384429932
431,0.5661210417747498
432,0.5664967894554138
433,0.5668718814849854
434,0.5672463178634644
435,0.5676200985908508
436,0.5679932236671448
437,0.5683656930923462
438,0.5687375068664551
439,0.5691087245941162
440,0.5694792866706848
441,0.5698491930961609
442,0.5702184438705444
443,0.5705870985984802
444,0.5709550976753235
445,0.5713224411010742
446,0.5716891884803772
447,0.5720552802085876
448,0.5724207758903503
449,0.5727856159210205
450,0.5731498599052429
451,0.5735134482383728
452,0.5738764405250549
453,0.5742387771606445
454,0.5746005177497864
455,0.5749616622924805
456,0.575322151184082
457,0.5756820440292358
458,0.5760413408279419
459,0.5764000415802002
460,0.576758086681366
461,0.577115535736084
462,0.5774723887443542
463,0.5778286457061768
464,0.5781843066215515
465,0.5785393714904785
466,0.578893780708313
467,0.5792475938796997
468,0.5796008110046387
469,0.5799534320831299
470,0.5803054571151733
471,0.580656886100769
472,0.5810077786445618
473,0.5813580751419067
474,0.581707775592804
475,0.5820568799972534
476,0.5824053883552551
477,0.5827533006668091
478,0.5831006169319153
479,0.5834473967552185
480,0.583793580532074
481,0.5841391682624817
482,0.5844842195510864
483,0.5848286747932434
484,0.5851725339889526
485,0.5855158567428589
486,0.5858585834503174
487,0.5862007141113281
488,0.5865423083305359
489,0.5868833065032959
490,0.5872237682342529
491,0.5875636339187622
492,0.5879029631614685
493,0.588241696357727
494,0.5885798931121826
495,0.5889175534248352
496,0.58925461769104
497,0.5895911455154419
498,0.5899271368980408
499,0.5902625322341919
500,0.59059739112854
501,0.5909317135810852
502,0.5912654399871826
503,0.591598629951477
504,0.5919312834739685
505,0.592263400554657
506,0.5925949811935425
507,0.5929259657859802
508,0.593256413936615
509,0.5935863256454468
510,0.5939157009124756
511,0.5942445397377014
512,0.5945728421211243
513,0.5949006080627441
514,0.595227837562561
515,0.595554530620575
516,0.5958806872367859
517,0.5962063074111938
518,0.5965313911437988
519,0.5968559384346008
520,0.5971800088882446
521,0.5975035429000854
522,0.5978265404701233
523,0.5981490015983582
524,0.59847092628479
525,0.598792314529419
526,0.5991132259368896
527,0.5994336009025574
528,0.5997534394264221
529,0.6000728011131287
530,0.6003916263580322
531,0.6007099151611328
532,0.6010277271270752
533,0.6013450026512146
534,0.601661741733551
535,0.6019780039787292
536,0.6022937297821045
537,0.6026089787483215
538,0.6029236912727356
539,0.6032379269599915
540,0.6035516262054443
541,0.603864848613739
542,0.6041775345802307
543,0.6044897437095642
544,0.6048014163970947
545,0.605112612247467
546,0.6054233312606812
547,0.6057335138320923
548,0.6060432195663452
549,0.6063524484634399
550,0.6066611409187317
551,0.6069693565368652
552,0.6072770953178406
553,0.6075843572616577
554,0.6078910827636719
555,0.6081973314285278
556,0.6085031032562256
557,0.6088083982467651
558,0.6091132164001465
559,0.6094174981117249
560,0.609721302986145
561,0.610024631023407
562,0.6103274822235107
563,0.6106298565864563
564,0.6109317541122437
565,0.6112331748008728
566,0.6115341186523438
567,0.6118345856666565
568,0.612134575843811
569,0.6124340891838074
570,0.6127331256866455
571,0.6130316853523254
572,0.6133297681808472
573,0.6136273741722107
574,0.613924503326416
575,0.6142212152481079
576,0.6145174503326416
577,0.6148132085800171
578,0.6151084899902344
579,0.6154032945632935
580,0.6156976222991943
581,0.6159915328025818
582,0.616284966468811
583,0.6165779232978821
584,0.6168704032897949
585,0.6171624660491943
586,0.6174540519714355
587,0.6177451610565186
588,0.6180358529090881
589,0.6183260679244995
590,0.6186158061027527
591,0.6189051270484924
592,0.619193971157074
593,0.6194823980331421
594,0.619770348072052
595,0.6200578212738037
596,0.620344877243042
597,0.6206314563751221
598,0.6209176182746887
599,0.6212033033370972
600,0.6214885711669922
601,0.621773362159729
602,0.6220577359199524
603,0.6223416924476624
604,0.6226251721382141
605,0.6229082345962524
606,0.6231908202171326
607,0.6234729886054993
608,0.6237547397613525
609,0.6240360140800476
610,0.6243168711662292
611,0.6245973110198975
612,0.6248772740364075
613,0.625156819820404
614,0.6254359483718872
615,0.6257146596908569
616,0.6259928941726685
617,0.6262707114219666
618,0.6265481114387512
619,0.6268250942230225
620,0.6271016597747803
621,0.6273777484893799
622,0.6276534199714661
623,0.6279286742210388
624,0.6282035112380981
625,0.628477931022644
626,0.6287519335746765
627,0.6290255188941956
628,0.6292986869812012
629,0.6295714378356934
630,0.6298437118530273
631,0.6301155686378479
632,0.630387008190155
633,0.6306580305099487
634,0.630928635597229
635,0.6311988234519958
636,0.631468653678894
637,0.6317380666732788
638,0.6320070624351501
639,0.6322756409645081
640,0.6325438022613525
641,0.6328115463256836
642,0.6330788731575012
643,0.6333457827568054
644,0.6336122751235962
645,0.6338783502578735
646,0.6341440677642822
647,0.6344093680381775
648,0.6346742510795593
649,0.6349387168884277
650,0.6352027654647827
651,0.635466456413269
652,0.6357297301292419
653,0.6359925866127014
654,0.6362550258636475
655,0.6365171074867249
656,0.6367787718772888
657,0.6370400190353394
658,0.6373009085655212
659,0.6375613808631897
660,0.6378214359283447
661,0.6380811333656311
662,0.638340413570404
663,0.6385993361473083
664,0.6388578414916992
665,0.6391159296035767
666,0.6393736600875854
667,0.6396309733390808
668,0.6398879289627075
669,0.6401444673538208
670,0.6404006481170654
671,0.6406564116477966
672,0.6409118175506592
673,0.6411668062210083
674,0.6414214372634888
675,0.6416756510734558
676,0.6419295072555542
677,0.6421829462051392
678,0.6424360275268555
679,0.6426886916160583
680,0.6429409980773926
681,0.6431929469108582
682,0.6434444785118103
683,0.6436956524848938
684,0.6439464092254639
685,0.6441968083381653
686,0.644446849822998
687,0.6446964740753174
688,0.6449457406997681
689,0.6451946496963501
690,0.6454432010650635
691,0.6456913352012634
692,0.6459391117095947
693,0.6461865305900574
694,0.6464335918426514
695,0.6466802358627319
696,0.6469265222549438
697,0.6471724510192871
698,0.6474180221557617
699,0.6476631760597229
700,0.6479079723358154
701,0.6481524109840393
702,0.6483964920043945
703,0.6486402153968811
704,0.648883581161499
705,0.6491265892982483
706,0.6493691802024841
707,0.6496114134788513
708,0.6498532891273499
709,0.6500948071479797
710,0.650335967540741
711,0.6505767703056335
712,0.6508172154426575
713,0.6510573029518127
714,0.6512970328330994
715,0.6515364050865173
716,0.6517754197120667
717,0.6520140767097473
718,0.6522523760795593
719,0.6524903178215027
720,0.6527279019355774
721,0.6529651284217834
722,0.6532019972801208
723,0.6534385085105896
724,0.6536746621131897
725,0.6539104580879211
726,0.6541458964347839
727,0.6543810367584229
728,0.6546158194541931
729,0.6548502445220947
730,0.6550843119621277
731,0.655318021774292
732,0.6555513739585876
733,0.6557843685150146
734,0.6560170650482178
735,0.6562494039535522
736,0.6564813852310181
737,0.6567130088806152
738,0.6569442749023438
739,0.6571752429008484
740,0.6574058532714844
741,0.6576361060142517
742,0.6578660011291504
743,0.6580955982208252
744,0.6583248376846313
745,0.6585537195205688
746,0.6587823033332825
747,0.6590105295181274
748,0.6592383980751038
749,0.6594659686088562
750,0.65969318151474
751,0.6599200367927551
752,0.6601465940475464
753,0.660372793674469
754,0.660598635673523
755,0.660824179649353
756,0.6610493659973145
757,0.661274254322052
758,0.6614987850189209
759,0.6617229580879211
760,0.6619468331336975
761,0.6621703505516052
762,0.6623935699462891
763,0.6626164317131042
764,0.6628389954566956
765,0.6630612015724182
766,0.663283109664917
767,0.6635046601295471
768,0.6637259125709534
769,0.663946807384491
770,0.6641674041748047
771,0.6643876433372498
772,0.664607584476471
773,0.6648271679878235
774,0.6650464534759521
775,0.6652653813362122
776,0.6654840111732483
777,0.6657023429870605
778,0.6659203171730042
779,0.6661379933357239
780,0.666355311870575
781,0.6665723323822021
782,0.6667890548706055
783,0.6670054197311401
784,0.6672214865684509
785,0.6674372553825378
786,0.6676526665687561
787,0.6678677797317505
788,0.668082594871521
789,0.6682970523834229
790,0.6685112118721008
791,0.6687250733375549
792,0.6689385771751404
793,0.669151782989502
794,0.6693646907806396
795,0.6695773005485535
796,0.6697895526885986
797,0.6700015068054199
798,0.6702131628990173
799,0.6704245209693909
800,0.6706355810165405
801,0.6708462834358215
802,0.6710566878318787
803,0.6712667942047119
804,0.6714766025543213
805,0.6716861128807068
806,0.6718952655792236
807,0.6721041202545166
808,0.6723126769065857
809,0.6725209355354309
810,0.6727288961410522
811,0.6729365587234497
812,0.6731439232826233
813,0.673350989818573
814,0.673557698726654
815,0.6737641096115112
816,0.6739702224731445
817,0.674176037311554
818,0.6743815541267395
819,0.6745867729187012
820,0.674791693687439
821,0.6749963164329529
822,0.6752006411552429
823,0.6754046678543091
824,0.6756083965301514
825,0.6758118271827698
826,0.6760149598121643
827,0.676217794418335
828,0.6764203310012817
829,0.6766225695610046
830,0.6768245100975037
831,0.6770261526107788
832,0.6772274971008301
833,0.6774285435676575
834,0.677629292011261
835,0.6778297424316406
836,0.6780298948287964
837,0.678229808807373
838,0.6784294247627258
839,0.6786287426948547
840,0.6788277626037598
841,0.6790264844894409
842,0.6792249083518982
843,0.6794230341911316
844,0.6796208620071411
845,0.6798183917999268
846,0.6800156831741333
847,0.680212676525116
848,0.6804093718528748
849,0.6806057691574097
850,0.6808018684387207
851,0.6809977293014526
852,0.6811932921409607
853,0.6813885569572449
854,0.6815835237503052
855,0.6817781925201416
856,0.6819726228713989
857,0.6821667551994324
858,0.6823605895042419
859,0.6825541257858276
860,0.6827474236488342
861,0.6829404234886169
862,0.6831331253051758
863,0.6833255290985107
864,0.6835176944732666
865,0.6837095618247986
866,0.6839011311531067
867,0.6840924620628357
868,0.6842834949493408
869,0.6844742298126221
870,0.6846647262573242
871,0.6848549246788025
872,0.6850448250770569
873,0.6852344870567322
874,0.6854238510131836
875,0.6856129169464111
876,0.6858017444610596
877,0.6859902739524841
878,0.6861785054206848
879,0.6863664984703064
880,0.6865541934967041
881,0.6867416501045227
882,0.6869288086891174
883,0.6871157288551331
884,0.6873023509979248
885,0.6874886751174927
886,0.6876747608184814
887,0.6878605484962463
888,0.6880460977554321
889,0.688231348991394
890,0.6884163618087769
891,0.6886010766029358
892,0.6887855529785156
893,0.6889697313308716
894,0.6891536712646484
895,0.6893373131752014
896,0.6895207166671753
897,0.6897038221359253
898,0.6898866891860962
899,0.6900692582130432
900,0.6902515888214111
901,0.6904336214065552
902,0.6906154155731201
903,0.6907969117164612
904,0.6909781694412231
905,0.691159188747406
906,0.691339910030365
907,0.6915203928947449
908,0.6917005777359009
909,0.6918805241584778
910,0.6920601725578308
911,0.6922395825386047
912,0.6924187541007996
913,0.6925976276397705
914,0.6927762627601624
915,0.6929546594619751
916,0.693132758140564
917,0.6933106184005737
918,0.6934882402420044
919,0.6936655640602112
920,0.6938426494598389
921,0.6940194964408875
922,0.6941960453987122
923,0.6943723559379578
924,0.6945484280586243
925,0.6947242021560669
926,0.6948997378349304
927,0.6950750350952148
928,0.6952500343322754
929,0.6954247951507568
930,0.6955993175506592
931,0.6957736015319824
932,0.6959475874900818
933,0.696121335029602
934,0.6962948441505432
935,0.6964681148529053
936,0.6966410875320435
937,0.6968138217926025
938,0.6969863176345825
939,0.6971585750579834
940,0.6973305344581604
941,0.6975022554397583
942,0.6976737380027771
943,0.6978449821472168
944,0.6980159878730774
945,0.6981867551803589
946,0.6983572244644165
947,0.698527455329895
948,0.6986974477767944
949,0.6988672018051147
950,0.699036717414856
951,0.6992059946060181
952,0.6993749737739563
953,0.6995437145233154
954,0.6997122168540955
955,0.6998804807662964
956,0.7000485062599182
957,0.7002162933349609
958,0.7003838419914246
959,0.7005511522293091
960,0.7007182240486145
961,0.700884997844696
962,0.7010515332221985
963,0.7012178301811218
964,0.7013838887214661
965,0.7015497088432312
966,0.7017152905464172
967,0.7018806338310242
968,0.702045738697052
969,0.7022106051445007
970,0.7023752331733704
971,0.7025396227836609
972,0.7027037739753723
973,0.7028676867485046
974,0.7030313611030579
975,0.703194797039032
976,0.703357994556427
977,0.7035209536552429
978,0.7036836743354797
979,0.7038461565971375
980,0.7040084004402161
981,0.7041704058647156
982,0.704332172870636
983,0.7044937014579773
984,0.7046549916267395
985,0.7048160433769226
986,0.7049768567085266
987,0.7051374316215515
988,0.7052977681159973
989,0.705457866191864
990,0.7056177258491516
991,0.7057774066925049
992,0.705936849117279
993,0.7060960531234741
994,0.7062550187110901
995,0.706413745880127
996,0.7065722346305847
997,0.7067304849624634
998,0.7068884968757629
999,0.7070462703704834
1000,0.7072038054466248
1001,0.7073611617088318
1002,0.7075182795524597
1003,0.7076751589775085
1004,0.7078317999839783
1005,0.7079882025718689
1006,0.7081443667411804
1007,0.7083003520965576
1008,0.7084560990333557
1009,0.7086116075515747
1010,0.7087668776512146
1011,0.7089219093322754
1012,0.7090767025947571
1013,0.7092313170433044
1014,0.7093856930732727
1015,0.7095398306846619
1016,0.7096937298774719
1017,0.7098474502563477
1018,0.7100009322166443
1019,0.7101541757583618
1020,0.7103071808815002
1021,0.7104599475860596
1022,0.7106125354766846
1023,0.7107648849487305
1024,0.7109169960021973
1025,0.711068868637085
1026,0.7112205624580383
1027,0.7113720178604126
1028,0.7115232348442078
1029,0.7116742730140686
1030,0.7118250727653503
1031,0.711975634098053
1032,0.7121259570121765
1033,0.7122761011123657
1034,0.7124260067939758
1035,0.7125756740570068
1036,0.7127251625061035
1037,0.7128744125366211
1038,0.7130234241485596
1039,0.7131722569465637
1040,0.7133208513259888
1041,0.7134692072868347
1042,0.7136173844337463
1043,0.7137653231620789
1044,0.7139130234718323
1045,0.7140605449676514
1046,0.7142078280448914
1047,0.714354932308197
1048,0.7145017981529236
1049,0.714648425579071
1050,0.7147948741912842
1051,0.7149410843849182
1052,0.7150870561599731
1053,0.7152328491210938
1054,0.7153784036636353
1055,0.7155237793922424
1056,0.7156689167022705
1057,0.7158138155937195
1058,0.7159585356712341
1059,0.7161030173301697
1060,0.7162473201751709
1061,0.716391384601593
1062,0.7165352702140808
1063,0.7166789174079895
1064,0.7168223857879639
1065,0.7169656157493591
1066,0.7171086072921753
1067,0.7172514200210571
1068,0.7173939943313599
1069,0.7175363898277283
1070,0.7176785469055176
1071,0.7178205251693726
1072,0.7179622650146484
1073,0.71810382604599
1074,0.7182451486587524
1075,0.7183862924575806
1076,0.7185271978378296
1077,0.7186679244041443
1078,0.7188084125518799
1079,0.7189487218856812
1080,0.7190887928009033
1081,0.7192286849021912
1082,0.7193683385848999
1083,0.7195078134536743
1084,0.7196471095085144
1085,0.7197861671447754
1086,0.719925045967102
1087,0.7200636863708496
1088,0.7202021479606628
1089,0.720340371131897
1090,0.7204784154891968
1091,0.7206162810325623
1092,0.7207539081573486
1093,0.7208913564682007
1094,0.7210285663604736
1095,0.7211655974388123
1096,0.7213023900985718
1097,0.721439003944397
1098,0.7215754389762878
1099,0.7217116355895996
1100,0.721847653388977
1101,0.7219834923744202
1102,0.7221190929412842
1103,0.7222545146942139
1104,0.7223896980285645
1105,0.7225247025489807
1106,0.7226595282554626
1107,0.7227941155433655
1108,0.722928524017334
1109,0.7230627536773682
1110,0.7231967449188232
1111,0.723330557346344
1112,0.7234641909599304
1113,0.7235975861549377
1114,0.7237308025360107
1115,0.7238638401031494
1116,0.723996639251709
1117,0.7241292595863342
1118,0.7242617011070251
1119,0.724393904209137
1120,0.7245259284973145
1121,0.7246577739715576
1122,0.7247894406318665
1123,0.7249208688735962
1124,0.7250521183013916
1125,0.7251831889152527
1126,0.7253140807151794
1127,0.7254447340965271
1128,0.7255752086639404
1129,0.7257055044174194
1130,0.7258355617523193
1131,0.7259654402732849
1132,0.7260951399803162
1133,0.7262246608734131
1134,0.7263539433479309
1135,0.7264830470085144
1136,0.7266119718551636
1137,0.7267407178878784
1138,0.7268692851066589
1139,0.7269976139068604
1140,0.7271257638931274
1141,0.7272537350654602
1142,0.7273815274238586
1143,0.7275091409683228
1144,0.7276365160942078
1145,0.7277637124061584
1146,0.7278907299041748
1147,0.7280175685882568
1148,0.7281442284584045
1149,0.7282706499099731
1150,0.7283968925476074
1151,0.7285229563713074
1152,0.728648841381073
1153,0.7287745475769043
1154,0.7289000749588013
1155,0.7290253639221191
1156,0.7291504740715027
1157,0.7292754054069519
1158,0.7294001579284668
1159,0.7295247316360474
1160,0.7296491265296936
1161,0.7297733426094055
1162,0.7298973798751831
1163,0.7300211787223816
1164,0.7301447987556458
1165,0.7302682399749756
1166,0.7303915023803711
1167,0.7305145859718323
1168,0.7306374907493591
1169,0.7307602167129517
1170,0.7308827638626099
1171,0.7310051321983337
1172,0.7311273217201233
1173,0.7312492728233337
1174,0.7313710451126099
1175,0.7314926385879517
1176,0.7316140532493591
1177,0.7317352890968323
1178,0.7318563461303711
1179,0.7319772243499756
1180,0.7320979237556458
1181,0.7322184443473816
1182,0.7323387861251831
1183,0.7324589490890503
1184,0.7325789332389832
1185,0.7326987385749817
1186,0.7328183650970459
1187,0.7329378128051758
1188,0.7330570816993713
1189,0.7331761717796326
1190,0.7332950830459595
1191,0.733413815498352
1192,0.7335323691368103
1193,0.7336507439613342
1194,0.7337689399719238
1195,0.7338869571685791
1196,0.7340047955513
1197,0.7341224551200867
1198,0.734239935874939
1199,0.7343572378158569
1200,0.7344743609428406
1201,0.7345913052558899
1202,0.7347080707550049
1203,0.7348246574401855
1204,0.7349410653114319
1205,0.7350572943687439
1206,0.7351733446121216
1207,0.7352892160415649
1208,0.735404908657074
1209,0.7355204224586487
1210,0.7356357574462891
1211,0.7357509136199951
1212,0.7358658909797668
1213,0.7359806895256042
1214,0.7360953688621521
1215,0.7362098693847656
1216,0.7363241910934448
1217,0.7364383339881897
1218,0.7365522980690002
1219,0.7366660833358765
1220,0.7367796897888184
1221,0.7368931174278259
1222,0.7370063662528992
1223,0.7371194362640381
1224,0.7372323274612427
1225,0.7373450994491577
1226,0.7374576926231384
1227,0.7375701069831848
1228,0.7376823425292969
1229,0.7377943992614746
1230,0.737906277179718
1231,0.7380179762840271
1232,0.7381295561790466
1233,0.7382409572601318
1234,0.7383521795272827
1235,0.7384632229804993
1236,0.7385740876197815
1237,0.7386847734451294
1238,0.738795280456543
1239,0.738905668258667
1240,0.7390158772468567
1241,0.7391259074211121
1242,0.7392357587814331
1243,0.7393454313278198
1244,0.7394549250602722
1245,0.7395642995834351
1246,0.7396734952926636
1247,0.7397825121879578
1248,0.7398913502693176
1249,0.7400000095367432
1250,0.7401085495948792
1251,0.7402169108390808
1252,0.7403250932693481
1253,0.7404330968856812
1254,0.7405409812927246
1255,0.7406486868858337
1256,0.7407562136650085
1257,0.740863561630249
1258,0.7409707307815552
1259,0.7410777807235718
1260,0.741184651851654
1261,0.741291344165802
1262,0.7413978576660156
1263,0.7415042519569397
1264,0.7416104674339294
1265,0.7417165040969849
1266,0.741822361946106
1267,0.7419281005859375
1268,0.7420336604118347
1269,0.7421390414237976
1270,0.7422442436218262
1271,0.7423493266105652
1272,0.7424542307853699
1273,0.7425589561462402
1274,0.742663562297821
1275,0.7427679896354675
1276,0.7428722381591797
1277,0.7429763674736023
1278,0.7430803179740906
1279,0.7431840896606445
1280,0.7432876825332642
1281,0.7433911561965942
1282,0.74349445104599
1283,0.7435975670814514
1284,0.7437005639076233
1285,0.7438033819198608
1286,0.7439060211181641
1287,0.7440085411071777
1288,0.7441108822822571
1289,0.7442130446434021
1290,0.7443150877952576
1291,0.7444169521331787
1292,0.7445186376571655
1293,0.7446202039718628
1294,0.7447215914726257
1295,0.7448228001594543
1296,0.7449238896369934
1297,0.7450248003005981
1298,0.7451255917549133
1299,0.7452262043952942
1300,0.7453266382217407
1301,0.7454269528388977
1302,0.7455270886421204
1303,0.7456270456314087
1304,0.7457268834114075
1305,0.7458265423774719
1306,0.7459260821342468
1307,0.7460254430770874
1308,0.7461246252059937
1309,0.7462236881256104
1310,0.7463225722312927
1311,0.7464213371276855
1312,0.746519923210144
1313,0.7466183304786682
1314,0.7467166185379028
1315,0.7468147277832031
1316,0.7469127178192139
1317,0.7470105290412903
1318,0.7471082210540771
1319,0.7472057342529297
1320,0.7473030686378479
1321,0.7474002838134766
1322,0.7474973201751709
1323,0.7475942373275757
1324,0.7476909756660461
1325,0.747787594795227
1326,0.7478840351104736
1327,0.7479803562164307
1328,0.7480764985084534
1329,0.7481725215911865
1330,0.7482683658599854
1331,0.7483640313148499
1332,0.7484595775604248
1333,0.7485549449920654
1334,0.7486501932144165
1335,0.7487452626228333
1336,0.7488402128219604
1337,0.7489349842071533
1338,0.7490296363830566
1339,0.7491241097450256
1340,0.7492184638977051
1341,0.7493126392364502
1342,0.7494066953659058
1343,0.749500572681427
1344,0.7495943307876587
1345,0.749687910079956
1346,0.7497813701629639
1347,0.7498746514320374
1348,0.7499678134918213
1349,0.7500607967376709
1350,0.750153660774231
1351,0.7502464056015015
1352,0.7503389716148376
1353,0.7504314184188843
1354,0.7505236864089966
1355,0.7506158351898193
1356,0.7507078051567078
1357,0.7507996559143066
1358,0.7508913278579712
1359,0.7509828805923462
1360,0.7510742545127869
1361,0.751165509223938
1362,0.7512566447257996
1363,0.7513476014137268
1364,0.7514384388923645
1365,0.7515290975570679
1366,0.7516196370124817
1367,0.7517099976539612
1368,0.7518002390861511
1369,0.7518903613090515
1370,0.7519803047180176
1371,0.7520701289176941
1372,0.7521597743034363
1373,0.7522493004798889
1374,0.752338707447052
1375,0.7524279356002808
1376,0.75251704454422
1377,0.7526059746742249
1378,0.7526947855949402
1379,0.752783477306366
1380,0.7528719902038574
1381,0.7529603838920593
1382,0.7530486583709717
1383,0.7531367540359497
1384,0.7532247304916382
1385,0.7533125281333923
1386,0.7534002065658569
1387,0.753487765789032
1388,0.7535751461982727
1389,0.7536624073982239
1390,0.7537495493888855
1391,0.7538365125656128
1392,0.7539233565330505
1393,0.7540100812911987
1394,0.7540966272354126
1395,0.7541830539703369
1396,0.7542693614959717
1397,0.7543554902076721
1398,0.754441499710083
1399,0.7545273900032043
1400,0.7546131014823914
1401,0.7546986937522888
1402,0.7547841668128967
1403,0.7548694610595703
1404,0.7549546360969543
1405,0.7550396919250488
1406,0.755124568939209
1407,0.7552093267440796
1408,0.7552939653396606
1409,0.7553784847259521
1410,0.7554628252983093
1411,0.755547046661377
1412,0.755631148815155
1413,0.7557150721549988
1414,0.755798876285553
1415,0.7558825612068176
1416,0.7559661269187927
1417,0.7560495138168335
1418,0.7561327815055847
1419,0.7562159299850464
1420,0.7562988996505737
1421,0.7563817501068115
1422,0.7564644813537598
1423,0.7565470933914185
1424,0.7566295266151428
1425,0.7567118406295776
1426,0.7567940354347229
1427,0.7568761110305786
1428,0.7569580078125
1429,0.7570397853851318
1430,0.7571214437484741
1431,0.7572029829025269
1432,0.75728440284729
1433,0.7573656439781189
1434,0.7574467658996582
1435,0.757527768611908
1436,0.7576086521148682
1437,0.757689356803894
1438,0.7577699422836304
1439,0.7578504085540771
1440,0.7579307556152344
1441,0.758010983467102
1442,0.7580910325050354
1443,0.7581709623336792
1444,0.7582507729530334
1445,0.7583304643630981
1446,0.7584100365638733
1447,0.7584894299507141
1448,0.7585687041282654
1449,0.7586478590965271
1450,0.7587268948554993
1451,0.7588058114051819
1452,0.7588845491409302
1453,0.7589631676673889
1454,0.7590416669845581
1455,0.7591200470924377
1456,0.7591983079910278
1457,0.7592764496803284
1458,0.7593544125556946
1459,0.7594322562217712
1460,0.7595099806785583
1461,0.7595875859260559
1462,0.7596650719642639
1463,0.7597424387931824
1464,0.7598196864128113
1465,0.7598967552185059
1466,0.7599737048149109
1467,0.7600505352020264
1468,0.7601272463798523
1469,0.7602038383483887
1470,0.7602803111076355
1471,0.7603566646575928
1472,0.7604328393936157
1473,0.7605088949203491
1474,0.760584831237793
1475,0.7606606483459473
1476,0.760736346244812
1477,0.7608119249343872
1478,0.7608873844146729
1479,0.760962724685669
1480,0.7610379457473755
1481,0.7611129879951477
1482,0.7611879110336304
1483,0.7612627148628235
1484,0.761337399482727
1485,0.7614119648933411
1486,0.7614864110946655
1487,0.7615607380867004
1488,0.7616349458694458
1489,0.7617090344429016
1490,0.7617830038070679
1491,0.7618568539619446
1492,0.7619305849075317
1493,0.7620041370391846
1494,0.7620775699615479
1495,0.7621508836746216
1496,0.7622240781784058
1497,0.7622971534729004
1498,0.7623701095581055
1499,0.762442946434021
1500,0.762515664100647
1501,0.7625882625579834
1502,0.7626607418060303
1503,0.7627331018447876
1504,0.7628053426742554
1505,0.7628774642944336
1506,0.7629494667053223
1507,0.7630213499069214
1508,0.763093113899231
1509,0.763164758682251
1510,0.7632362842559814
1511,0.7633076906204224
1512,0.7633789777755737
1513,0.7634501457214355
1514,0.7635211944580078
1515,0.7635921239852905
1516,0.7636629343032837
1517,0.7637336254119873
1518,0.7638041973114014
1519,0.7638746500015259
1520,0.7639449834823608
1521,0.7640151977539062
1522,0.7640852928161621
1523,0.7641552686691284
1524,0.7642251253128052
1525,0.7642948627471924
1526,0.76436448097229
1527,0.7644339799880981
1528,0.7645033597946167
1529,0.7645726203918457
1530,0.7646417617797852
1531,0.7647107839584351
1532,0.7647796869277954
1533,0.7648484706878662
1534,0.7649171352386475
1535,0.7649856805801392
1536,0.7650541067123413
1537,0.7651224136352539
1538,0.765190601348877
1539,0.7652586698532104
1540,0.7653266191482544
1541,0.7653944492340088
1542,0.7654621601104736
1543,0.7655297517776489
1544,0.7655972242355347
1545,0.7656645774841309
1546,0.7657318115234375
1547,0.7657989263534546
1548,0.7658659815788269
1549,0.7659329175949097
1550,0.7659997344017029
1551,0.7660664319992065
1552,0.7661330103874207
1553,0.7661994695663452
1554,0.7662658095359802
1555,0.7663320302963257
1556,0.7663981318473816
1557,0.766464114189148
1558,0.7665299773216248
1559,0.766595721244812
1560,0.7666614055633545
1561,0.7667269706726074
1562,0.7667924165725708
1563,0.7668577432632446
1564,0.7669229507446289
1565,0.7669880390167236
1566,0.7670530080795288
1567,0.7671178579330444
1568,0.7671825885772705
1569,0.7672472596168518
1570,0.7673118114471436
1571,0.7673762440681458
1572,0.7674405574798584
1573,0.7675047516822815
1574,0.767568826675415
1575,0.767632782459259
1576,0.7676966190338135
1577,0.7677603960037231
1578,0.7678240537643433
1579,0.7678875923156738
1580,0.7679510116577148
1581,0.7680143117904663
1582,0.7680774927139282
1583,0.7681405544281006
1584,0.7682035565376282
1585,0.7682664394378662
1586,0.7683292031288147
1587,0.7683918476104736
1588,0.768454372882843
1589,0.7685167789459229
1590,0.7685791254043579
1591,0.7686413526535034
1592,0.7687034606933594
1593,0.7687654495239258
1594,0.7688273191452026
1595,0.7688891291618347
1596,0.7689508199691772
1597,0.7690123915672302
1598,0.7690738439559937
1599,0.7691351771354675
1600,0.7691963911056519
1601,0.7692575454711914
1602,0.7693185806274414
1603,0.7693794965744019
1604,0.7694402933120728
1605,0.7695009708404541
1606,0.7695615887641907
1607,0.7696220874786377
1608,0.7696824669837952
1609,0.7697427272796631
1610,0.7698029279708862
1611,0.7698630094528198
1612,0.7699229717254639
1613,0.7699828147888184
1614,0.7700425386428833
1615,0.7701022028923035
1616,0.7701617479324341
1617,0.7702211737632751
1618,0.7702804803848267
1619,0.7703397274017334
1620,0.7703988552093506
1621,0.7704578638076782
1622,0.7705167531967163
1623,0.7705755829811096
1624,0.7706342935562134
1625,0.7706928849220276
1626,0.7707513570785522
1627,0.7708097696304321
1628,0.7708680629730225
1629,0.7709262371063232
1630,0.7709842920303345
1631,0.7710422873497009
1632,0.7711001634597778
1633,0.7711579203605652
1634,0.771215558052063
1635,0.771273136138916
1636,0.7713305950164795
1637,0.7713879346847534
1638,0.7714451551437378
1639,0.7715023159980774
1640,0.7715593576431274
1641,0.7716162800788879
1642,0.7716731429100037
1643,0.7717298865318298
1644,0.7717865109443665
1645,0.7718430161476135
1646,0.7718994617462158
1647,0.7719557881355286
1648,0.7720119953155518
1649,0.7720681428909302
1650,0.772124171257019
1651,0.7721800804138184
1652,0.7722359299659729
1653,0.7722916603088379
1654,0.7723472714424133
1655,0.772402822971344
1656,0.7724582552909851
1657,0.7725135684013367
1658,0.7725688219070435
1659,0.7726239562034607
1660,0.7726789712905884
1661,0.7727338671684265
1662,0.7727887034416199
1663,0.7728434205055237
1664,0.7728980183601379
1665,0.7729525566101074
1666,0.7730069756507874
1667,0.7730613350868225
1668,0.7731155753135681
1669,0.7731696963310242
1670,0.7732237577438354
1671,0.7732776999473572
1672,0.7733315229415894
1673,0.7733852863311768
1674,0.7734389305114746
1675,0.7734924554824829
1676,0.7735459208488464
1677,0.7735992670059204
1678,0.7736524939537048
1679,0.7737056612968445
1680,0.7737587094306946
1681,0.7738116979598999
1682,0.7738645672798157
1683,0.7739173173904419
1684,0.7739700078964233
1685,0.7740225791931152
1686,0.7740750312805176
1687,0.7741274237632751
1688,0.7741796970367432
1689,0.7742319107055664
1690,0.7742840051651001
1691,0.7743359804153442
1692,0.7743878960609436
1693,0.7744396924972534
1694,0.7744914293289185
1695,0.774543046951294
1696,0.7745945453643799
1697,0.774645984172821
1698,0.7746973037719727
1699,0.7747485637664795
1700,0.7747997045516968
1701,0.7748507261276245
1702,0.7749016880989075
1703,0.7749525308609009
1704,0.7750033140182495
1705,0.7750539779663086
1706,0.7751045823097229
1707,0.7751550674438477
1708,0.7752054333686829
1709,0.7752557396888733
1710,0.7753059267997742
1711,0.7753560543060303
1712,0.7754060626029968
1713,0.7754560112953186
1714,0.7755058407783508
1715,0.7755556106567383
1716,0.7756052613258362
1717,0.7756547927856445
1718,0.7757042646408081
1719,0.7757536172866821
1720,0.7758029103279114
1721,0.7758520841598511
1722,0.775901198387146
1723,0.7759501934051514
1724,0.775999128818512
1725,0.776047945022583
1726,0.7760967016220093
1727,0.776145339012146
1728,0.7761938571929932
1729,0.7762423157691956
1730,0.7762906551361084
1731,0.7763389348983765
1732,0.776387095451355
1733,0.7764351963996887
1734,0.7764831781387329
1735,0.7765311002731323
1736,0.7765789031982422
1737,0.7766266465187073
1738,0.7766742706298828
1739,0.7767218351364136
1740,0.7767692804336548
1741,0.7768166661262512
1742,0.7768639326095581
1743,0.7769111394882202
1744,0.7769582271575928
1745,0.7770052552223206
1746,0.7770521640777588
1747,0.7770990133285522
1748,0.7771457433700562
1749,0.7771924138069153
1750,0.7772389650344849
1751,0.7772854566574097
1752,0.7773318290710449
1753,0.7773781418800354
1754,0.7774243950843811
1755,0.7774705290794373
1756,0.7775166034698486
1757,0.7775625586509705
1758,0.7776084542274475
1759,0.777654230594635
1760,0.7776999473571777
1761,0.7777455449104309
1762,0.7777910828590393
1763,0.7778365015983582
1764,0.7778818607330322
1765,0.7779271006584167
1766,0.7779722809791565
1767,0.7780174016952515
1768,0.7780624032020569
1769,0.7781073451042175
1770,0.7781521677970886
1771,0.7781969308853149
1772,0.7782415747642517
1773,0.7782861590385437
1774,0.7783306241035461
1775,0.7783750295639038
1776,0.7784193754196167
1777,0.77846360206604
1778,0.7785077691078186
1779,0.7785518169403076
1780,0.7785958051681519
1781,0.7786396741867065
1782,0.7786834836006165
1783,0.7787272334098816
1784,0.7787708640098572
1785,0.778814435005188
1786,0.7788578867912292
1787,0.7789012789726257
1788,0.7789446115493774
1789,0.7789878249168396
1790,0.779030978679657
1791,0.7790740132331848
1792,0.7791169881820679
1793,0.7791599035263062
1794,0.7792026996612549
1795,0.7792454361915588
1796,0.7792880535125732
1797,0.7793306112289429
1798,0.7793731093406677
1799,0.779415488243103
1800,0.7794578075408936
1801,0.7795000076293945
1802,0.7795421481132507
1803,0.7795842289924622
1804,0.779626190662384
1805,0.7796680927276611
1806,0.7797099351882935
1807,0.7797516584396362
1808,0.7797933220863342
1809,0.7798348665237427
1810,0.7798763513565063
1811,0.7799177765846252
1812,0.7799590826034546
1813,0.7800003290176392
1814,0.780041515827179
1815,0.7800825834274292
1816,0.7801235914230347
1817,0.7801645398139954
1818,0.7802053689956665
1819,0.7802461385726929
1820,0.7802868485450745
1821,0.7803274393081665
1822,0.7803679704666138
1823,0.7804084420204163
1824,0.7804487943649292
1825,0.7804890871047974
1826,0.7805293202400208
1827,0.7805694341659546
1828,0.7806094884872437
1829,0.7806494832038879
1830,0.7806893587112427
1831,0.7807291746139526
1832,0.7807689309120178
1833,0.7808085680007935
1834,0.7808481454849243
1835,0.7808876633644104
1836,0.7809270620346069
1837,0.7809664011001587
1838,0.7810056805610657
1839,0.7810448408126831
1840,0.7810839414596558
1841,0.7811229825019836
1842,0.781161904335022
1843,0.7812007665634155
1844,0.7812395691871643
1845,0.7812783122062683
1846,0.7813169360160828
1847,0.7813555002212524
1848,0.7813940048217773
1849,0.7814323902130127
1850,0.7814707159996033
1851,0.7815089821815491
1852,0.7815471887588501
1853,0.7815852761268616
1854,0.7816233038902283
1855,0.7816612720489502
1856,0.7816991209983826
1857,0.7817369103431702
1858,0.781774640083313
1859,0.781812310218811
1860,0.7818498611450195
1861,0.7818873524665833
1862,0.7819247841835022
1863,0.7819621562957764
1864,0.781999409198761
1865,0.7820366024971008
1866,0.7820737361907959
1867,0.7821108102798462
1868,0.7821477651596069
1869,0.7821846604347229
1870,0.7822214961051941
1871,0.7822582721710205
1872,0.7822949290275574
1873,0.7823315262794495
1874,0.7823680639266968
1875,0.7824045419692993
1876,0.7824409008026123
1877,0.7824772000312805
1878,0.782513439655304
1879,0.7825496196746826
1880,0.7825856804847717
1881,0.7826216816902161
1882,0.7826576232910156
1883,0.7826935052871704
1884,0.7827292680740356
1885,0.7827649712562561
1886,0.7828006148338318
1887,0.7828361988067627
1888,0.7828717231750488
1889,0.7829071283340454
1890,0.7829424738883972
1891,0.7829777598381042
1892,0.7830129861831665
1893,0.7830480933189392
1894,0.7830831408500671
1895,0.7831181287765503
1896,0.7831530570983887
1897,0.7831879258155823
1898,0.7832226753234863
1899,0.7832573652267456
1900,0.7832919955253601
1901,0.7833265662193298
1902,0.7833610773086548
1903,0.7833954691886902
1904,0.7834298014640808
1905,0.7834640741348267
1906,0.7834982872009277
1907,0.783532440662384
1908,0.7835665345191956
1909,0.7836005091667175
1910,0.7836344242095947
1911,0.7836682796478271
1912,0.7837020754814148
1913,0.7837358117103577
1914,0.7837694883346558
1915,0.7838030457496643
1916,0.7838365435600281
1917,0.7838699817657471
1918,0.7839033603668213
1919,0.7839366793632507
1920,0.7839699387550354
1921,0.7840030789375305
1922,0.7840361595153809
1923,0.7840691804885864
1924,0.7841021418571472
1925,0.7841350436210632
1926,0.7841678857803345
1927,0.7842006087303162
1928,0.7842332720756531
1929,0.7842658758163452
1930,0.7842984199523926
1931,0.7843309044837952
1932,0.784363329410553
1933,0.784395694732666
1934,0.7844279408454895
1935,0.7844601273536682
1936,0.7844922542572021
1937,0.7845243215560913
1938,0.7845563292503357
1939,0.7845882773399353
1940,0.7846201658248901
1941,0.7846519947052002
1942,0.7846837043762207
1943,0.7847153544425964
1944,0.7847469449043274
1945,0.7847784757614136
1946,0.784809947013855
1947,0.7848413586616516
1948,0.7848727107048035
1949,0.7849040031433105
1950,0.7849351763725281
1951,0.7849662899971008
1952,0.7849973440170288
1953,0.785028338432312
1954,0.7850592732429504
1955,0.7850901484489441
1956,0.785120964050293
1957,0.7851517200469971
1958,0.7851824164390564
1959,0.785213053226471
1960,0.785243570804596
1961,0.7852740287780762
1962,0.7853044271469116
1963,0.7853347659111023
1964,0.7853650450706482
1965,0.7853952646255493
1966,0.7854254245758057
1967,0.7854555249214172
1968,0.785485565662384
1969,0.785515546798706
1970,0.7855454683303833
1971,0.7855753302574158
1972,0.7856050729751587
1973,0.7856347560882568
1974,0.7856643795967102
1975,0.7856939435005188
1976,0.7857234477996826
1977,0.7857528924942017
1978,0.7857822775840759
1979,0.7858116030693054
1980,0.7858408689498901
1981,0.7858700752258301
1982,0.7858992218971252
1983,0.7859283089637756
1984,0.7859573364257812
1985,0.7859863042831421
1986,0.7860152125358582
1987,0.7860440611839294
1988,0.786072850227356
1989,0.7861015796661377
1990,0.7861301898956299
1991,0.7861587405204773
1992,0.7861872315406799
1993,0.7862156629562378
1994,0.7862440347671509
1995,0.7862723469734192
1996,0.7863005995750427
1997,0.7863287925720215
1998,0.7863569259643555
1999,0.7863849997520447
2000,0.7864130139350891
